Seed,Cost,Gamma,Acc,Sen,Spe,MCC,F1,AUC
131,4,0.25,0.951923077,0.953125,0.95,0.899095127,0.960629921,0.9515625
