Seed,Cost,Gamma,Acc,Sen,Spe,MCC,F1,AUC
131,128,0.125,0.894230769,0.875,0.925,0.785557007,0.910569106,0.9
