Seed,Cost,Gamma,Acc,Sen,Spe,MCC,F1,AUC
131,2,0.25,0.942307692,0.921875,0.975,0.883181448,0.951612903,0.9484375
