Seed,Cost,Gamma,Acc,Sen,Spe,MCC,F1,AUC
131,1,0.25,0.980769231,0.984375,0.975,0.959375,0.984375,0.9796875
